{
    "env": {
        "name": "PRODUCTION"
    },
    "apiServer": {
        "authAPI": "https://mf3-test-authentication-angular.azurewebsites.net",
        "metafireSuiteAPI": "https://mf3-test-suite-angular.azurewebsites.net",
        "reportersIconsUrl": "https://s3-eu-west-1.amazonaws.com/mpo-suite-test/reporters/{{id}}/static/image",
        "disputeIconsUrl": "https://mpo-suite-test.s3.eu-west-1.amazonaws.com/boards/{{BoardId}}/static/image",
        "managementServiceUrl": "https://mf3-test-suite-mpo-management-service.azurewebsites.net/api",
        "reportServiceUrl":"https://mf3-test-suite-mpo-report-service.azurewebsites.net/api"

    },
  "exportTimeout": 5000
}
